ip,anonymityLevel,asn,country,isp,latency,org,port,protocols,responseTime,speed,updated_at,upTime,upTimeSuccessCount,upTimeTryCount
"101.109.80.117","elite","AS23969","TH","TOT Public Company Limited","163","TOT Public Company Limited","4145","socks4","4599","1","2024-01-29T03:53:34.511Z","47","2797","5935"
"181.3.165.234","elite","AS7303","AR","Telecom Argentina S.A.","627","Telecom Personal Bs","1080","socks4","164","1","2024-01-29T03:53:15.511Z","28","1638","5847"
"203.30.191.92","elite","AS209242","BZ","Cloudflare London, LLC","11","Umpire Associates LTD","80","socks5","4605","2","2024-01-29T03:53:15.509Z","100","5856","5857"
"138.186.93.4","elite","AS263124","BR","ZAP TELECOM LTDA","219","ZAP TELECOM LTDA","5678","socks4","610","1","2024-01-29T03:52:57.315Z","84","5006","5965"
"202.162.214.250","elite","AS9341","ID","PT Indonesia Comnets Plus","186","N/A","3128","socks4","4211","1","2024-01-29T03:52:57.417Z","98","5797","5892"
"202.159.35.65","elite","AS9340","ID","PT IndoInternet","169","N/A","443","socks4","3614","1","2024-01-29T03:52:57.318Z","99","5810","5849"
"95.79.99.159","elite","AS42682","RU","JSC \"ER-Telecom Holding\"","49","JSC \"ER-Telecom Holding\" Nizhny Novgorod","44068","socks4","3892","1","2024-01-29T03:52:57.418Z","100","5783","5809"
"104.129.205.15","elite","AS22616","US","ZSCALER, INC.","92","Zscaler, Inc.","10289","socks5","5095","1","2024-01-29T03:52:57.316Z","93","5422","5845"
"113.231.150.20","elite","AS4837","CN","CNC Group CHINA169 Liaoning Province Network","186","N/A","1080","socks4","4403","1","2024-01-29T03:52:57.314Z","73","4276","5852"
"99.26.74.89","elite","AS7018","US","AT&T Services, Inc.","199","Martha Martinez","39593","socks4","3809","1","2024-01-29T03:52:57.317Z","89","5276","5905"
"128.199.16.89","elite","AS14061","IN","DigitalOcean, LLC","128","DigitalOcean, LLC","53989","socks5","2196","1","2024-01-29T03:52:39.309Z","53","3081","5815"
"211.174.105.26","elite","AS4766","KR","Korea Telecom","252","Netropy","4153","socks4","4614","1","2024-01-29T03:52:39.309Z","100","5919","5941"
"103.47.93.216","elite","AS134058","IN","Broban Internet Services Pvt.ltd","281","Broban  PVT Ltd.","1080","socks4","704","1","2024-01-29T03:52:39.308Z","99","5765","5810"
"115.160.160.38","elite","AS9381","HK","HKBN Enterprise Solutions HK Limited","204","HKBNES","3128","socks4","2193","1","2024-01-29T03:52:39.308Z","100","5901","5919"
"168.227.158.85","elite","AS52898","BR","Multipla Serviços Inteligentes","294","Multipla Serviços Inteligentes","4145","socks4","4801","1","2024-01-29T03:52:39.304Z","99","5832","5884"
"103.254.175.181","elite","AS45117","IN","INPL BB","287","N/A","8080","socks4","4308","1","2024-01-29T03:52:39.302Z","99","5737","5778"
"173.236.188.26","elite","AS26347","US","New Dream Network, LLC","79","New Dream Network, LLC","54262","socks5","4501","1","2024-01-29T03:52:21.507Z","100","5838","5846"
"192.163.252.85","elite","AS46606","US","Unified Layer","138","Unified Layer","52119","socks5","3404","1","2024-01-29T03:52:21.508Z","100","5872","5888"
"168.227.158.9","elite","AS52898","BR","Multipla Serviços Inteligentes","226","Multipla Serviços Inteligentes","4145","socks4","4891","1","2024-01-29T03:52:21.509Z","99","5812","5851"
"212.103.119.24","elite","AS57044","RU","CJSC \"ER-Telecom Holding\" Bryansk branch","103","JSC \"ER-Telecom Holding\" Bryansk Branch","1080","socks5","3211","1","2024-01-29T03:52:03.511Z","96","5506","5753"
"165.227.112.138","elite","AS14061","US","DigitalOcean, LLC","85","DigitalOcean, LLC","1080","socks4","4990","1","2024-01-29T03:52:03.604Z","75","4348","5835"
"130.61.31.199","elite","AS31898","DE","Oracle Corporation","11","Oracle Cloud Infrastructure (eu-frankfurt-1)","65002","socks4","4984","1","2024-01-29T03:52:03.603Z","30","1791","5875"
"136.244.89.35","elite","AS20473","DE","The Constant Company","10","Vultr Holdings, LLC","10487","socks4","4914","1","2024-01-29T03:52:03.512Z","55","3231","5900"
"91.193.237.180","elite","AS42916","RU","NKOORT","49","IT Ltd","3389","socks4","3605","1","2024-01-29T03:51:45.513Z","99","5821","5851"
"180.183.224.240","elite","AS45629","TH","Triple T Broadband Public Company Limited","161","Triple T Broadband Public Company Limited","4153","socks4","4791","1","2024-01-29T03:51:45.512Z","88","5112","5809"
"140.250.92.253","elite","AS4134","CN","Chinanet","277","Chinanet SD","1080","socks4","4412","2","2024-01-29T03:51:45.509Z","82","4850","5922"
"139.162.156.92","elite","AS63949","DE","Akamai Technologies, Inc.","12","Linode, LLC","7497","socks5","2682","1","2024-01-29T03:51:45.514Z","98","5719","5825"
"46.227.36.1","elite","AS51155","PL","Telemedian - TB Telecom","41","Telemedian","1088","socks4","4301","1","2024-01-29T03:51:45.606Z","100","5742","5759"
"139.170.229.78","elite","AS4837","CN","China Unicom Qinghai Province Network","204","N/A","7080","socks5","2993","1","2024-01-29T03:51:27.309Z","90","5256","5868"
"157.230.36.225","elite","AS14061","SG","DigitalOcean, LLC","158","DigitalOcean, LLC","7497","socks5","117","1","2024-01-29T03:51:27.312Z","50","2914","5837"
"37.193.227.108","elite","AS31200","RU","Novotelecom Ltd","90","Novotelecom ltd.","1080","socks5","3395","1","2024-01-29T03:51:27.312Z","89","5266","5893"
"187.95.80.141","elite","AS262696","BR","Turbonet Telecomunicações","191","Turbonet Telecomunicações","3629","socks4","4704","1","2024-01-29T03:51:09.021Z","99","5880","5929"
"104.16.105.146","elite","AS13335","CA","Cloudflare, Inc.","2","Cloudflare, Inc.","80","socks4","4700","1","2024-01-29T03:51:09.102Z","100","5761","5761"
"213.16.81.147","elite","AS12301","HU","Invitech ICT Services Kft.","39","SzerSzoft","5678","socks4","485","1","2024-01-29T03:50:51.010Z","99","5926","5966"
"168.227.158.73","elite","AS52898","BR","Multipla Serviços Inteligentes","284","Multipla Serviços Inteligentes","4145","socks4","1795","81","2024-01-29T03:50:51.014Z","99","5842","5890"
"185.171.52.101","elite","AS44285","IR","Sefroyek Pardaz Engineering Co. LTD","100","Shahrad","4153","socks4","1788","85","2024-01-29T03:50:51.015Z","97","5710","5910"
"118.174.209.189","elite","AS23969","TH","TOT Public Company Limited","152","TOT Public Company Limited","4145","socks4","1088","5","2024-01-29T03:50:51.016Z","64","3765","5895"
"113.74.26.114","elite","AS4134","CN","Chinanet","291","Chinanet GD","4145","socks4","4401","1","2024-01-29T03:50:51.009Z","87","5063","5849"
"116.199.168.1","elite","AS45661","IN","Capture Network Systems Pvt Ltd","199","CAPTURE","4145","socks4","4911","1","2024-01-29T03:50:32.728Z","99","5871","5910"
"36.37.244.41","elite","AS38623","KH","VIETTEL (CAMBODIA) PTE., LTD","187","Viettel (cambodia) Pte., Ltd.","5678","socks4","1996","1","2024-01-29T03:50:32.727Z","96","5644","5886"
"213.226.16.46","elite","AS8717","BG","Mobiltel EAD","50","N/A","51372","socks4","2290","1","2024-01-29T03:50:32.729Z","99","5727","5804"
"128.199.142.101","elite","AS14061","SG","DigitalOcean, LLC","150","DigitalOcean, LLC","14061","socks5","1415","1","2024-01-29T03:50:32.730Z","100","5839","5842"
"110.34.166.185","elite","AS45652","SG","VPLS-SIN","334","Vpls Sin1","4153","socks4","203","1","2024-01-29T03:50:32.723Z","99","5861","5935"
"200.77.186.181","elite","AS61444","CL","Enlaces Regionales de Chile S.A.","208","Enlaces Regionales de Chile S.A","4145","socks5","2688","1","2024-01-29T03:50:32.722Z","99","5861","5928"
"67.205.159.46","elite","AS14061","US","DigitalOcean, LLC","82","Digital Ocean","8459","socks4","531","85","2024-01-29T03:50:32.721Z","73","4318","5946"
"43.153.36.48","elite","AS132203","US","Shenzhen Tencent Computer Systems Company Limited","198","Tencent Cloud Computing","443","socks5","1002","1","2024-01-29T03:50:14.520Z","5","283","5826"
"103.208.200.222","elite","AS133275","IN","Gigantic","147","N/A","4670","socks4","4495","1","2024-01-29T03:50:14.519Z","98","5759","5863"
"203.76.103.57","elite","AS23688","BD","Link3 Technologies Limited","182","Corporate Subscriber","4145","socks4","1684","1","2024-01-29T03:49:55.708Z","97","5711","5881"
"125.161.141.186","elite","AS7713","ID","PT. TELKOM INDONESIA","172","N/A","80","socks5","4697","1","2024-01-29T03:49:55.621Z","83","4855","5819"
"103.47.93.246","elite","AS134058","IN","Broban Internet Services Pvt.ltd","266","Broban  PVT Ltd.","13405","socks5","4807","1","2024-01-29T03:49:55.707Z","99","5710","5770"
"177.223.63.26","elite","AS263500","BR","Star Telecom S/A","182","Star Telecom S/A","52104","socks4","5493","81","2024-01-29T03:49:55.706Z","99","5854","5941"
"51.52.205.98","elite","AS31655","GB","Gamma Telecom Holdings Ltd","19","Gamma Telecom Limited","4153","socks4","5296","1","2024-01-29T03:49:55.706Z","59","3449","5805"
"177.38.5.33","elite","AS52964","BR","FÁBIO MENDES DIAS LTDA ME","197","FÁBIO MENDES DIAS LTDA ME","4153","socks4","1504","3","2024-01-29T03:49:55.703Z","92","5451","5893"
"8.42.68.249","elite","AS399869","US","Mountain Broadband","123","Level 3, LLC","39593","socks4","4896","1","2024-01-29T03:49:37.615Z","100","5848","5850"
"167.99.12.224","elite","AS14061","US","DigitalOcean, LLC","85","Digital Ocean","49463","socks4","132","1","2024-01-29T03:49:37.619Z","100","5836","5843"
"66.42.92.212","elite","AS20473","US","The Constant Company","95","Vultr Holdings, LLC","9999","socks4","3897","2","2024-01-29T03:49:37.620Z","72","4209","5825"
"138.197.69.132","elite","AS14061","US","DigitalOcean, LLC","92","Digital Ocean","19260","socks5","4898","1","2024-01-29T03:49:19.004Z","100","5923","5938"
"125.228.77.228","elite","AS3462","TW","Chunghwa Telecom Co., Ltd.","301","Chunghwa Telecom Co. Ltd.","1081","socks4","4804","83","2024-01-29T03:49:18.615Z","99","5817","5893"
"194.28.56.49","elite","AS57803","RU","TeleServise Ltd","51","TeleServis Ltd","3629","socks4","4787","1","2024-01-29T03:49:18.614Z","99","5831","5910"
"83.168.84.130","elite","AS35179","PL","ESPOL-FH","65","N/A","4153","socks4","2083","1","2024-01-29T03:49:19.003Z","50","2917","5872"
"201.20.88.5","elite","AS28598","BR","MOB SERVICOS DE TELECOMUNICACOES S.A.","1043","MOB SERVICOS DE TELECOMUNICACOES S.A","3128","socks4","2704","1","2024-01-29T03:49:18.615Z","97","5753","5902"
"51.89.194.19","elite","AS16276","GB","OVH SAS","9","OVH Ltd","18786","socks4","3203","81","2024-01-29T03:49:18.615Z","100","5898","5898"
"109.75.47.204","elite","AS44395","AM","Ucom Cjsc","72","N/A","4153","socks4","3990","1","2024-01-29T03:49:18.616Z","95","5536","5844"
"45.125.222.97","elite","AS63526","BD","Carnival Internet","169","N/A","47239","socks4","705","1","2024-01-29T03:49:18.613Z","99","5751","5796"
"136.144.237.16","elite","AS20857","NL","TransIP BV","16","N/A","5836","socks4","4505","1","2024-01-29T03:49:00.708Z","100","5847","5863"
"104.21.223.181","elite","AS13335","CA","Cloudflare, Inc.","85","Cloudflare, Inc.","80","socks4","4600","1","2024-01-29T03:48:42.511Z","100","5848","5849"
"173.236.181.192","elite","AS26347","US","New Dream Network, LLC","79","New Dream Network, LLC","24310","socks5","4500","1","2024-01-29T03:48:42.510Z","100","5807","5817"
"43.246.143.250","elite","AS134294","IN","R P World Telecom Pvt Ltd","164","R P World Telecom Pvt Ltd","9999","socks4","1302","2","2024-01-29T03:48:42.510Z","99","5883","5957"
"104.19.233.117","elite","AS13335","CA","Cloudflare, Inc.","2","Cloudflare, Inc.","80","socks5","2599","1","2024-01-29T03:48:42.515Z","100","5909","5912"
"188.255.244.83","elite","AS52116","RS","Orion Telekom ISP IP Network in Subotica","34","Orion Telekom Tim d.o.o.Beograd","52116","socks4","4810","1","2024-01-29T03:48:42.605Z","100","5874","5889"
"170.81.108.47","elite","AS266416","BR","L3 NETWORKS E TELECOMUNICACOES LTDA","216","L3 NETWORKS E TELECOMUNICACOES LTDA","4153","socks4","5437","1","2024-01-29T03:48:42.510Z","100","5912","5940"
"1.55.241.4","elite","AS18403","VN","FPT Telecom Company","197","FPTDYNAMICIP","4145","socks4","1294","85","2024-01-29T03:48:42.514Z","99","5831","5906"
"181.66.37.143","elite","AS6147","PE","Telefonica del Peru S.A.A.","185","Telefonica del Peru S.A.A","4153","socks4","4199","1","2024-01-29T03:48:42.514Z","66","3917","5910"
"41.76.156.90","elite","AS37230","NG","Swifttalk-B1","151","Swifttalk Limited","47313","socks4","5094","1","2024-01-29T03:48:24.416Z","96","5580","5837"
"116.102.244.96","elite","AS7552","VN","Viettel Corporation","230","Viettel Group","5678","socks4","5003","1","2024-01-29T03:48:24.414Z","56","3335","5903"
"45.70.30.199","elite","AS267574","BR","Eltecweb Provedor De Internet Ltda","215","Eltecweb Provedor De Internet Ltda","5678","socks4","485","1","2024-01-29T03:48:24.415Z","99","5897","5955"
"188.92.242.106","elite","AS25227","RU","JSC Avantel","50","Avantel, Close Joint Stock Company","8088","socks5","1113","2","2024-01-29T03:48:24.509Z","99","5817","5866"
"109.73.191.101","elite","AS49924","IT","ECROM-MAIN","84","N/A","5678","socks4","1908","1","2024-01-29T03:48:24.411Z","64","3769","5923"
"116.58.227.134","elite","AS131090","TH","CAT Telecom Public Company Limited","294","CAT BB","4145","socks4","123","1","2024-01-29T03:48:24.412Z","79","4707","5931"
"113.11.183.142","elite","AS17451","ID","BIZNET","183","BIZNET","4145","socks4","408","1","2024-01-29T03:48:05.806Z","98","5795","5906"
"184.82.140.210","elite","AS133481","TH","AIS-Fibre","256","N/A","4145","socks4","5092","1","2024-01-29T03:48:05.803Z","96","5677","5901"
"46.227.39.1","elite","AS51155","PL","TB Telecom Sp. z o. o.","41","Telemedian","1088","socks4","1383","1","2024-01-29T03:48:05.817Z","100","5772","5791"
"85.199.71.66","elite","AS12693","DE","e.discom","32","KabelSat Bergen GmbH","8080","socks5","4589","1","2024-01-29T03:48:05.807Z","100","5763","5766"
"197.234.13.14","elite","AS36902","SC","Intelvision","170","Intelvision Ltd","4145","socks4","4889","1","2024-01-29T03:48:05.807Z","99","5851","5887"
"104.16.107.142","elite","AS13335","CA","Cloudflare, Inc.","2","Cloudflare, Inc.","80","socks4","1811","1","2024-01-29T03:48:05.805Z","100","5850","5851"
"36.66.151.17","elite","AS7713","ID","PT. Telekomunikasi Indonesia","191","N/A","4673","socks4","4603","1","2024-01-29T03:47:47.518Z","8","480","5884"
"103.110.84.199","elite","AS63760","VN","Representative office of AZDIGI Corporation","196","VPDD-AZDIGI","7497","socks5","2798","1","2024-01-29T03:47:47.514Z","90","5329","5948"
"165.154.226.109","elite","AS142002","TW","Scloud Pte Ltd","216","Scloud Pte Ltd","80","socks5","4000","1","2024-01-29T03:47:47.516Z","42","2469","5834"
"36.37.104.98","elite","AS4800","ID","LINTASARTA","192","N/A","34040","socks4","3195","1","2024-01-29T03:47:47.518Z","99","5925","5974"
"104.19.171.188","elite","AS13335","CA","Cloudflare, Inc.","2","Cloudflare, Inc.","80","socks5","4894","1","2024-01-29T03:47:29.109Z","100","5802","5802"
"170.233.176.128","elite","AS52268","AR","Copelco Ltda.","295","Copelco Ltda.","4145","socks4","4702","1","2024-01-29T03:47:29.112Z","98","5697","5787"
"47.113.179.6","elite","AS37963","CN","Hangzhou Alibaba Advertising Co., Ltd.","291","Aliyun Computing Co., LTD","10705","socks4","3193","81","2024-01-29T03:47:29.110Z","60","3550","5874"
"183.88.74.73","elite","AS45629","TH","Triple T Broadband Public Company Limited","168","Triple T Broadband Public Company Limited","4153","socks4","5017","1","2024-01-29T03:47:29.111Z","90","5248","5853"
"103.51.47.9","elite","AS133819","ID","CIM","199","N/A","4145","socks4","416","1","2024-01-29T03:47:23.852Z","99","5800","5860"
"217.197.151.182","elite","AS34093","CZ","PREROV","31","N/A","5678","socks4","219","1","2024-01-29T03:47:21.983Z","100","5897","5907"
"84.244.69.29","elite","AS25248","CZ","BlueTone-CRa","31","DATRON, a.s.","443","socks4","1089","1","2024-01-29T03:47:20.235Z","100","5899","5906"
"82.193.114.51","elite","AS25521","UA","IPNETUA","43","N/A","5678","socks4","1592","1","2024-01-29T03:47:20.531Z","32","1875","5911"
"103.49.242.193","elite","AS133720","IN","Zess Networks Private Limited","118","Zess Networks Private Limited","5678","socks4","447","1","2024-01-29T03:47:20.943Z","98","5717","5817"
"154.64.217.128","elite","AS399291","US","OSNET Wireless","136","OSNet Wireless","36468","socks4","1590","1","2024-01-29T03:47:18.432Z","98","5804","5935"
"175.6.140.135","elite","AS63835","CN","No.293, Wanbao Avenue","216","Chinanet HN","38801","socks5","705","1","2024-01-29T03:47:18.643Z","87","5131","5917"
"159.223.118.43","elite","AS14061","US","DigitalOcean, LLC","97","DigitalOcean, LLC","8080","socks4","2695","1","2024-01-29T03:47:17.436Z","93","5497","5904"
"186.251.255.249","elite","AS267513","BR","Seanet Telecom Carazinho Eireli","241","Seanet Telecom Carazinho Eireli","31337","socks4","4408","1","2024-01-29T03:47:17.427Z","99","5888","5932"
"110.34.166.184","elite","AS45652","SG","VPLS-SIN","335","Vpls Sin1","4153","socks4","2791","1","2024-01-29T03:47:17.839Z","99","5831","5895"
"202.75.111.129","elite","AS45710","ID","Yudhawira Khatulistiwa, PT","197","Choice","5678","socks4","3804","1","2024-01-29T03:47:16.127Z","99","5883","5917"
"185.104.219.229","elite","AS60751","YT","ServeByte Ltd","36","ServeByte IE","80","socks4","4795","1","2024-01-29T03:47:16.431Z","100","5855","5868"
"78.38.108.194","elite","AS58224","IR","Iran Telecommunication Company PJS","128","Abol Medical University","1080","socks5","4604","1","2024-01-29T03:47:16.435Z","84","4909","5847"
"182.160.127.236","elite","AS24323","BD","Aamra Networks Limited","197","Aamra Networks Limited","5678","socks4","5004","1","2024-01-29T03:47:15.438Z","97","5735","5905"
"103.86.1.25","elite","AS136371","IN","Airwir Technologies Private Limited","140","Airwir Technologies Private Limited","4145","socks4","4607","1","2024-01-29T03:47:15.831Z","100","5879","5892"
"104.20.179.187","elite","AS13335","CA","Cloudflare, Inc.","2","Cloudflare, Inc.","80","socks5","4103","1","2024-01-29T03:47:15.931Z","100","5836","5836"
"114.99.12.249","elite","AS4134","CN","Chinanet","284","Chinanet AH","8004","socks5","212","1","2024-01-29T03:47:14.036Z","61","3596","5853"
"50.116.60.163","elite","AS63949","US","Akamai Technologies, Inc.","81","Linode","37170","socks4","3308","1","2024-01-29T03:47:13.739Z","98","5696","5802"
"117.102.224.38","elite","AS23756","ID","PT Padi Internet","188","N/A","1080","socks4","2199","1","2024-01-29T03:47:12.345Z","100","5828","5848"
"103.110.184.1","elite","AS137374","ID","Dinas Komunikasi","201","N/A","6037","socks4","3790","1","2024-01-29T03:47:12.731Z","99","5910","5948"
"117.24.80.210","elite","AS4134","CN","Chinanet","227","Chinanet FJ","3829","socks4","3599","1","2024-01-29T03:47:11.120Z","57","3374","5880"
"131.0.87.225","elite","AS262420","BR","Cabonnet Internet Ltda","206","Cabonnet Internet Ltda","52017","socks4","4494","83","2024-01-29T03:47:11.117Z","97","5740","5899"
"178.212.199.95","elite","AS39065","UA","Southern Telecommunication Company Ltd.","55","SOHONET","1099","socks4","4106","1","2024-01-29T03:47:11.116Z","93","5425","5838"
"106.52.240.130","elite","AS45090","CN","Shenzhen Tencent Computer Systems Company Limited","281","Tencent cloud computing (Beijing) Co., Ltd.","2080","socks4","3997","1","2024-01-29T03:47:11.737Z","75","4407","5846"
"103.141.148.62","elite","AS138890","ID","PT Acehlink Media","243","N/A","5678","socks4","4599","85","2024-01-29T03:47:11.118Z","99","5855","5904"
"104.129.205.9","elite","AS22616","US","ZSCALER, INC.","92","Zscaler, Inc.","10297","socks5","2509","1","2024-01-29T03:47:11.116Z","93","5520","5904"
"74.33.175.72","elite","AS5650","US","Frontier Communications Solutions","114","ADSL Frontier Communications Plymouth NY","8080","socks5","2400","1","2024-01-29T03:47:11.119Z","89","5241","5878"
"192.154.195.76","elite","AS64200","US","Vivid-hosting LLC","199","Vivid-hosting LLC","9000","socks5","3412","1","2024-01-29T03:47:11.438Z","100","5760","5771"
"110.78.186.127","elite","AS131090","TH","CAT-BB","246","N/A","4145","socks4","2224","1","2024-01-29T03:47:11.115Z","67","3975","5972"
"192.99.35.177","elite","AS16276","CA","OVH SAS","82","OVH Hosting, Inc.","36077","socks4","2695","1","2024-01-29T03:47:09.833Z","57","3290","5773"
"119.10.177.90","elite","AS24530","ID","PT. Power Telecom Indonesia","166","Powertel","4145","socks4","4688","1","2024-01-29T03:47:09.834Z","96","5635","5877"
"192.252.215.5","elite","AS46562","US","Performive LLC","136","Performive LLC","16137","socks4","4896","1","2024-01-29T03:47:08.338Z","99","5689","5768"
"101.51.105.245","elite","AS23969","TH","TOT Public Company Limited","200","TOT Public Company Limited","4145","socks4","4901","1","2024-01-29T03:47:08.336Z","49","2894","5901"
"101.231.66.130","elite","AS4812","CN","China Telecom (Group)","176","Chinanet SH","80","socks5","310","1","2024-01-29T03:47:08.337Z","90","5255","5836"
"202.159.30.9","elite","AS9340","ID","PT IndoInternet","197","N/A","443","socks4","1188","1","2024-01-29T03:47:08.335Z","99","5830","5878"
"66.207.184.73","elite","AS7029","US","Windstream Communications LLC","84","Voce Telecom, LLC","5432","socks4","4599","1","2024-01-29T03:47:06.044Z","99","5711","5794"
"185.169.181.15","elite","AS34984","TR","Ates Dc","58","Ibrahim MALA trading as Ates Dc","4145","socks4","3309","1","2024-01-29T03:47:06.441Z","100","5916","5932"
"110.77.163.63","elite","AS131090","TH","CAT Telecom Public Company Limited","221","CAT BB","4145","socks4","437","1","2024-01-29T03:47:06.126Z","87","5084","5867"
"114.99.13.192","elite","AS4134","CN","Chinanet","292","Chinanet AH","8004","socks5","5687","1","2024-01-29T03:47:05.131Z","60","3600","5990"
"186.126.77.200","elite","AS7303","AR","Telecom Argentina S.A.","692","Telecom Personal Bs","1080","socks5","405","1","2024-01-29T03:47:05.133Z","35","2046","5908"
"114.99.11.217","elite","AS4134","CN","Chinanet","186","Chinanet AH","8004","socks4","4195","1","2024-01-29T03:47:05.130Z","61","3634","5924"
"107.150.50.226","elite","AS33387","US","Nocix, LLC","114","home","56970","socks5","2799","1","2024-01-29T03:47:04.727Z","99","5812","5881"
"194.8.47.6","elite","AS35723","RU","Transport Telecom Company Ltd","44","Transport Telecom Company Ltd","8080","socks4","2710","1","2024-01-29T03:47:04.732Z","99","5768","5800"
"197.234.13.55","elite","AS36902","SC","Intelvision","199","Intelvision Ltd","4145","socks4","5202","1","2024-01-29T03:47:04.730Z","99","5902","5936"
"129.205.244.158","elite","AS37678","BW","BOTSWANA FIBRE NETWORKS (Proprietary) Limited","201","BOTSWANA FIBRE NETWORKS (Proprietary) Limited","1080","socks4","2905","1","2024-01-29T03:47:01.345Z","99","5738","5812"
"110.243.2.186","elite","AS4837","CN","China Unicom Hebei Province Network","197","N/A","9999","socks5","4009","1","2024-01-29T03:47:01.427Z","74","4291","5819"
"43.157.8.159","elite","AS132203","DE","Aceville Pte.ltd","12","N/A","443","socks4","3701","1","2024-01-29T03:47:01.441Z","31","1850","5887"
"34.102.179.21","elite","AS396982","US","Google LLC","2","Google Cloud","80","socks4","5097","1","2024-01-29T03:47:01.430Z","100","5748","5748"
"47.52.240.190","elite","AS45102","HK","Alibaba Cloud LLC","296","ALICLOUD-HK","808","socks4","1310","1","2024-01-29T03:46:58.235Z","99","5744","5782"
"92.42.249.58","elite","AS9125","RS","Drustvo za telekomunikacije Orion telekom doo Beograd-Zemun","38","Balkancom","10801","socks4","3402","1","2024-01-29T03:46:58.236Z","78","4508","5768"
"104.16.105.198","elite","AS13335","CA","Cloudflare, Inc.","2","Cloudflare, Inc.","80","socks4","4891","1","2024-01-29T03:46:58.238Z","100","5951","5952"
"38.140.231.10","elite","AS174","US","Cogent Communications","77","N/A","8841","socks4","1305","1","2024-01-29T03:46:58.528Z","99","5789","5875"
"183.89.176.124","elite","AS45629","TH","Triple T Broadband Public Company Limited","196","Triple T Broadband Public Company Limited","4153","socks4","4796","1","2024-01-29T03:46:58.233Z","97","5694","5877"
"217.115.115.148","elite","AS30900","IE","Sternforth Ltd. trading as WebWorld","27","Webworld","56792","socks4","3810","1","2024-01-29T03:46:58.232Z","95","5649","5939"
"118.174.219.165","elite","AS23969","TH","TOT Public Company Limited","164","TOT Public Company Limited","2168","socks5","4894","1","2024-01-29T03:46:54.644Z","86","5084","5923"
"195.208.61.116","elite","AS62240","GB","Clouvider Limited","10","Qwarta LLC","52803","socks4","4399","1","2024-01-29T03:46:54.727Z","100","5864","5874"
"119.18.152.138","elite","AS55685","ID","PT. Jala Lintas Media","189","N/A","4145","socks4","3704","1","2024-01-29T03:46:53.106Z","99","5829","5878"
"192.12.113.232","elite","AS61942","BR","Turbonet Telecom Ltda","211","Turbonet Telecom Ltda","4145","socks4","2085","1","2024-01-29T03:46:53.108Z","86","5066","5902"
"110.81.64.45","elite","AS4134","CN","Chinanet","231","Chinanet FJ","21212","socks5","4499","1","2024-01-29T03:46:50.643Z","66","3801","5761"
"189.125.22.10","elite","AS3549","BR","Level 3 Communications, Inc.","194","Cirion Technologies do Brasil Ltda","5678","socks4","318","1","2024-01-29T03:46:50.635Z","99","5751","5818"
"192.141.236.3","elite","AS267483","BR","MSE Serviço de Com. Multimídia EIRELI","176","MSE Serviço de Com. Multimídia EIRELI","5678","socks5","4389","1","2024-01-29T03:46:50.637Z","99","5753","5817"
"69.163.164.68","elite","AS26347","US","New Dream Network, LLC","197","New Dream Network, LLC","49538","socks4","3797","1","2024-01-29T03:46:48.040Z","100","5875","5879"
"104.22.50.220","elite","AS13335","CA","Cloudflare, Inc.","3","Cloudflare, Inc.","80","socks4","1519","1","2024-01-29T03:46:48.126Z","100","5831","5832"
"139.59.58.141","elite","AS14061","IN","DigitalOcean, LLC","190","DigitalOcean, LLC","7497","socks5","3997","1","2024-01-29T03:46:48.045Z","93","5407","5784"
"202.142.181.162","elite","AS135523","PK","Multinet Broadband","135","Multinet Broadband","8080","socks4","3989","1","2024-01-29T03:46:48.044Z","97","5677","5882"
"37.152.163.95","elite","AS198569","IR","Rahanet Zanjan Co. (Private Joint-Stock)","101","Rahanet Zanjan Co.","4153","socks4","217","1","2024-01-29T03:46:48.042Z","94","5527","5861"
"93.43.193.230","elite","AS12874","IT","Fastweb SpA","80","Fastweb Internet NGA","8080","socks4","3205","1","2024-01-29T03:46:48.128Z","85","5048","5937"
"188.255.244.137","elite","AS52116","RS","Orion Telekom ISP IP Network in Subotica","37","Orion Telekom Tim d.o.o.Beograd","1080","socks4","3802","1","2024-01-29T03:46:45.045Z","100","5883","5901"
"182.16.191.202","elite","AS17995","ID","PT iForte Global Internet","800","N/A","5678","socks4","4787","1","2024-01-29T03:46:45.044Z","71","4137","5827"
"103.199.97.33","elite","AS45804","IN","New Shivam Cable Network","165","N/A","39825","socks4","5187","1","2024-01-29T03:46:45.040Z","98","5779","5908"
"45.7.210.195","elite","AS265729","AR","Cooperativa de Servicios Públicos de Porteña LTDA","238","Cooperativa de Servicios Públicos de Porteña LTDA","4153","socks4","4206","1","2024-01-29T03:46:45.043Z","99","5797","5838"
"183.88.192.215","elite","AS45629","TH","Triple T Broadband Public Company Limited","183","Triple T Broadband Public Company Limited","8080","socks4","4293","1","2024-01-29T03:46:45.046Z","99","5857","5895"
"51.75.173.161","elite","AS16276","GB","OVH SAS","9","Serverfrus Amin","1080","socks4","3617","1","2024-01-29T03:46:45.140Z","100","5988","6005"
"185.22.31.227","elite","AS50810","IR","Mobin Net Communication Company (Private Joint Stock)","119","Mobin Net Communication Company (Private Joint Stock)","4153","socks4","4101","1","2024-01-29T03:46:41.240Z","98","5842","5963"
"114.134.90.43","elite","AS38031","BD","OptiMax Communication Ltd","189","Cable modem client group","5678","socks4","301","81","2024-01-29T03:46:41.239Z","87","5105","5901"
"45.112.125.62","elite","AS58369","ID","FIBERNET","164","N/A","4145","socks5","4212","1","2024-01-29T03:46:41.237Z","99","5899","5948"
"137.74.95.150","elite","AS16276","PL","OVH SAS","6","OVH SAS","13559","socks4","6197","1","2024-01-29T03:46:38.231Z","100","5920","5920"
"206.189.85.92","elite","AS14061","SG","DigitalOcean, LLC","150","DigitalOcean, LLC","7497","socks5","4586","1","2024-01-29T03:46:38.038Z","100","5811","5814"
"98.111.251.101","elite","AS701","US","Verizon Business","93","Verizon Business","1585","socks4","4511","1","2024-01-29T03:46:38.031Z","99","5733","5807"
"34.64.4.27","elite","AS139070","SG","Google Asia Pacific Pte. Ltd.","281","Google LLC","80","socks4","1301","1","2024-01-29T03:46:38.034Z","100","5798","5798"
"177.85.205.29","elite","AS52554","BR","S. A. da Silva Junior","182","S. A. da Silva Junior","3629","socks4","3987","1","2024-01-29T03:46:38.033Z","99","5745","5819"
"38.127.179.194","elite","AS174","US","Cogent Communications","78","Torlandia Trading SRL","11537","socks4","3513","1","2024-01-29T03:46:38.230Z","100","5869","5883"
"203.30.190.93","elite","AS209242","BZ","Cloudflare London, LLC","11","Umpire Associates LTD","80","socks4","4803","1","2024-01-29T03:46:38.035Z","100","5900","5901"
"143.95.103.43","elite","AS46606","US","Unified Layer","137","Athenix Inc","60088","socks4","2099","1","2024-01-29T03:46:35.629Z","95","5540","5853"
"216.80.120.100","elite","AS6079","US","RCN","104","RCN Corporation","3820","socks5","4997","1","2024-01-29T03:46:35.541Z","97","5730","5898"
"213.149.103.133","elite","AS8585","ME","Crnogorski Telekom a.d.Podgorica","83","T ComServeri","61859","socks5","4788","1","2024-01-29T03:46:35.732Z","100","5874","5883"
"159.192.233.69","elite","AS131090","TH","CAT-BB","295","N/A","4145","socks5","3319","1","2024-01-29T03:46:35.807Z","80","4744","5894"
"180.183.158.136","elite","AS45629","TH","Triple T Broadband Public Company Limited","160","Triple T Broadband Public Company Limited","5678","socks4","4313","1","2024-01-29T03:46:35.545Z","97","5730","5907"
"114.99.13.48","elite","AS4134","CN","Chinanet","192","Chinanet AH","8004","socks4","5091","1","2024-01-29T03:46:33.536Z","62","3671","5887"
"162.12.217.30","elite","AS204902","FR","Weelax","189","XIWO","3629","socks4","4996","81","2024-01-29T03:46:30.729Z","99","5727","5807"
"80.54.62.254","elite","AS5617","PL","Orange Polska Spolka Akcyjna","81","Tpnet Polaczenia DLA Klient ATM","5678","socks4","4593","1","2024-01-29T03:46:30.728Z","29","1705","5935"
"81.201.63.13","elite","AS8251","CZ","FreeTel, s.r.o.","30","Obcanske sdruzeni SPKFree.Net","36643","socks5","2895","1","2024-01-29T03:46:30.830Z","98","5714","5821"
"220.132.115.147","elite","AS3462","TW","Chunghwa Telecom Co., Ltd.","244","Chunghwa Telecom Co. Ltd.","4145","socks4","2690","1","2024-01-29T03:46:30.731Z","21","1245","5942"
"47.243.31.48","elite","AS45102","HK","Alibaba (US) Technology Co., Ltd.","309","Alibaba.com LLC","45102","socks5","4400","1","2024-01-29T03:46:30.733Z","84","4963","5915"
"181.209.113.234","elite","AS52361","AR","ARSAT - Empresa Argentina de Soluciones Satelitales S.A","249","Gomez Dario Javier","1082","socks4","5014","1","2024-01-29T03:46:30.734Z","98","5762","5897"
"83.168.84.89","elite","AS35179","PL","ESPOL-FH","65","N/A","4153","socks4","3189","1","2024-01-29T03:46:27.545Z","67","3979","5925"
"177.38.5.132","elite","AS52964","BR","FÁBIO MENDES DIAS LTDA ME","201","FÁBIO MENDES DIAS LTDA ME","4145","socks4","1905","1","2024-01-29T03:46:27.441Z","83","4822","5800"
"41.66.252.134","elite","AS29614","GH","Vodafone Ghana","194","MEO Serv Comunicacpera Mult SA","53281","socks5","2494","1","2024-01-29T03:46:27.544Z","87","5110","5844"
"45.70.204.233","elite","AS267586","BR","Rafael Pierre Barbosa - Me","193","Rafael Pierre Barbosa - Me","4145","socks4","3402","1","2024-01-29T03:46:27.440Z","99","5837","5874"
"107.189.10.139","elite","AS53667","LU","FranTech Solutions","12","BuyVM","10808","socks4","4303","1","2024-01-29T03:46:27.439Z","88","5100","5826"
"193.136.14.120","elite","AS1930","PT","Fundacao para a Ciencia e a Tecnologia, I.P.","91","N/A","80","socks4","4886","1","2024-01-29T03:46:27.531Z","95","5676","5963"
"43.134.164.228","elite","AS132203","SG","Aceville Pte.ltd","392","N/A","443","socks5","5211","1","2024-01-29T03:46:24.044Z","89","5256","5898"
"206.189.9.30","elite","AS14061","NL","DigitalOcean, LLC","15","DigitalOcean, LLC","42331","socks5","929","1","2024-01-29T03:46:24.233Z","100","5824","5826"
"111.92.164.242","elite","AS23671","ID","Greem Pramuka","211","N/A","52347","socks4","4588","1","2024-01-29T03:46:24.046Z","43","2536","5891"
"131.108.118.27","elite","AS264353","BR","Catalão Bandnet Serviços Multimídia LTDA - ME","235","Catalão Bandnet Serviços Multimídia LTDA - ME","2022","socks4","3094","1","2024-01-29T03:46:24.042Z","99","5784","5819"
"203.30.190.30","elite","AS209242","BZ","Cloudflare London, LLC","11","Umpire Associates LTD","80","socks4","4985","1","2024-01-29T03:46:24.041Z","100","5808","5808"
"94.232.125.200","elite","AS197225","LT","UAB \"Airnet\"","46","UAB \"Airnet\"","5678","socks4","3990","1","2024-01-29T03:46:20.743Z","100","5831","5839"
"209.97.170.248","elite","AS14061","SG","DigitalOcean, LLC","164","DigitalOcean, LLC","8080","socks5","5103","1","2024-01-29T03:46:20.831Z","87","5005","5733"
"185.157.109.5","elite","AS202652","EE","SkyLive Telecom ldt","80","Elevi","5678","socks4","3110","81","2024-01-29T03:46:20.843Z","100","5840","5862"
"112.193.121.104","elite","AS4837","CN","China Unicom CHINA169 Sichuan Province Network","192","N/A","24388","socks5","4189","1","2024-01-29T03:46:20.830Z","46","2643","5743"
"5.11.17.230","elite","AS42705","IQ","talia.net","82","Talia Ltd","1080","socks5","1410","1","2024-01-29T03:46:20.829Z","96","5673","5892"
"27.123.1.1","elite","AS45706","ID","PT Tele Globe Global","188","N/A","4153","socks4","4102","1","2024-01-29T03:46:20.745Z","99","5834","5883"
"110.78.148.249","elite","AS131090","TH","CAT-BB","281","N/A","4153","socks4","2289","1","2024-01-29T03:46:20.741Z","78","4558","5843"
"84.241.25.151","elite","AS31549","IR","SHATEL Network","117","Arya Rasana Tadbir Co.","80","socks4","1889","1","2024-01-29T03:46:17.541Z","83","4789","5740"
"180.183.1.145","elite","AS45629","TH","Triple T Broadband Public Company Limited","188","Triple T Broadband Public Company Limited","4153","socks4","4392","1","2024-01-29T03:46:17.604Z","94","5458","5786"
"185.36.132.223","elite","AS199752","NL","Go-Trex Internet Solution Partner","18","Go-Trex","9050","socks5","3913","89","2024-01-29T03:46:17.634Z","100","5831","5834"
"161.97.156.209","elite","AS51167","DE","Contabo GmbH","15","Contabo GmbH","29118","socks5","4611","83","2024-01-29T03:46:17.618Z","100","5737","5739"
"75.176.225.10","elite","AS11426","US","Spectrum","100","Road Runner","33150","socks4","1484","1","2024-01-29T03:46:17.633Z","98","5825","5914"
"64.225.58.131","elite","AS14061","US","DigitalOcean, LLC","82","DigitalOcean, LLC","8000","socks4","4988","1","2024-01-29T03:46:17.630Z","93","5499","5921"
"45.70.237.131","elite","AS52468","EC","Ufinet Panama S.A.","167","Negocios Y Telefonia Nedetel S.A","4145","socks4","4099","1","2024-01-29T03:46:17.626Z","100","5784","5810"
"104.18.237.128","elite","AS13335","CA","Cloudflare, Inc.","2","Cloudflare, Inc.","80","socks4","4920","1","2024-01-29T03:46:17.605Z","100","5853","5854"
"189.10.103.98","elite","AS8167","BR","V tal","285","V tal","3128","socks5","1901","1","2024-01-29T03:46:17.607Z","97","5619","5798"
"190.109.72.10","elite","AS264231","BR","RG.COM - INFORMATICA & COMUNICACAO LTDA - ME","221","RG.COM - INFORMATICA & COMUNICACAO LTDA - ME","33633","socks4","694","83","2024-01-29T03:46:17.606Z","99","5869","5931"
"110.77.161.197","elite","AS131090","TH","CAT Telecom Public Company Limited","282","CAT BB","4145","socks4","3003","1","2024-01-29T03:46:14.229Z","82","4792","5814"
"185.94.7.236","elite","AS200848","CZ","ISP Alliance a.s.","29","GRAPE SC","4145","socks4","5093","1","2024-01-29T03:46:14.341Z","100","5864","5879"
"176.74.118.133","elite","AS34797","GE","EGRISI","100","Systemnet LTD","5678","socks4","4815","1","2024-01-29T03:46:14.228Z","99","5831","5878"
"185.184.197.101","elite","AS21277","IQ","Allay Nawroz Telecom Company for Communication/Ltd.","82","Tarin General Trading and Setting Up Internet Device LTD","5678","socks4","4000","1","2024-01-29T03:46:14.340Z","98","5856","5948"
"178.128.21.246","elite","AS14061","SG","DigitalOcean, LLC","163","Digitalocean","56108","socks4","4299","1","2024-01-29T03:46:14.226Z","99","5736","5822"
"195.201.19.84","elite","AS24940","DE","Hetzner Online GmbH","15","Hetzner Online GmbH","443","socks4","133","1","2024-01-29T03:46:10.640Z","100","5740","5763"
"183.89.176.143","elite","AS45629","TH","Triple T Broadband Public Company Limited","198","Triple T Broadband Public Company Limited","5678","socks4","4002","1","2024-01-29T03:46:10.632Z","91","5358","5862"
"222.217.74.162","elite","AS4134","CN","Chinanet","283","Chinanet GX","1111","socks5","2895","1","2024-01-29T03:46:10.634Z","85","4986","5892"
"139.162.151.176","elite","AS63949","DE","Akamai Technologies, Inc.","11","Linode, LLC","9050","socks5","3510","2","2024-01-29T03:46:10.637Z","100","5929","5929"
"51.68.93.11","elite","AS16276","FR","OVH SAS","8","OVH","46979","socks5","4691","81","2024-01-29T03:46:10.829Z","100","5819","5819"
"172.67.231.3","elite","AS13335","CA","Cloudflare, Inc.","2","Cloudflare, Inc.","80","socks4","2913","1","2024-01-29T03:46:10.636Z","100","5852","5852"
"81.199.14.14","elite","AS36892","GB","IPTEC Limited","204","Gilat Satcom Ltd.","1088","socks4","4715","1","2024-01-29T03:46:10.638Z","59","3472","5879"
"172.98.169.213","elite","AS5650","NL","Frontier Communications of America, Inc.","80","BraveWay LLC","45395","socks4","2204","1","2024-01-29T03:46:10.641Z","100","5829","5835"
"109.234.39.199","elite","AS216071","NL","Servers Tech Fzco","96","Servers Tech Fzco","26115","socks5","4998","1","2024-01-29T03:46:10.827Z","94","5562","5886"
"218.1.200.244","elite","AS4812","CN","China Telecom","288","N/A","57114","socks5","4601","81","2024-01-29T03:46:10.635Z","50","2924","5795"
"168.227.158.61","elite","AS52898","BR","Multipla Serviços Inteligentes","295","Multipla Serviços Inteligentes","4145","socks4","5099","1","2024-01-29T03:46:07.240Z","99","5841","5893"
"181.88.73.182","elite","AS7303","AR","Telecom Argentina S.A","282","Telecom Acceso","5678","socks4","4098","1","2024-01-29T03:46:07.242Z","99","5903","5933"
"222.124.130.196","elite","AS7713","ID","Telekomunikasi Indonesia","196","PT. TELKOM INDONESIA","4145","socks4","3896","84","2024-01-29T03:46:07.328Z","81","4837","5944"
"103.215.24.162","elite","AS9341","ID","PT.Indonesia Comnets Plus","198","N/A","5678","socks4","5099","1","2024-01-29T03:46:07.244Z","42","2449","5841"
"124.109.22.174","elite","AS38527","ID","PT. JAWA POS NATIONAL NETWORK MEDIALINK","179","N/A","5678","socks4","694","1","2024-01-29T03:46:07.245Z","93","5483","5909"
"124.131.202.102","elite","AS4837","CN","CNC Group CHINA169 Shandong Province Network","187","N/A","3128","socks5","2691","1","2024-01-29T03:46:07.243Z","68","4016","5863"
"103.199.97.129","elite","AS45804","IN","New Shivam Cable Network","188","N/A","39825","socks4","4510","1","2024-01-29T03:46:03.634Z","98","5734","5879"
"103.82.11.237","elite","AS136156","BD","FNF Online","187","N/A","4153","socks4","4804","1","2024-01-29T03:46:03.639Z","99","5817","5877"
"152.32.78.24","elite","AS17639","PH","ComClark Network & Technology Corp","204","Convergeict","4145","socks4","5097","1","2024-01-29T03:46:03.635Z","96","5689","5908"
"43.128.40.142","elite","AS132203","HK","Aceville Pte.ltd","293","N/A","65533","socks5","1698","1","2024-01-29T03:46:00.029Z","100","5804","5821"
"54.38.151.84","elite","AS16276","GB","OVH SAS","9","OVH Ltd","56789","socks5","3992","83","2024-01-29T03:46:00.132Z","97","5754","5916"
"88.135.41.109","elite","AS57391","IR","Laser Company Ltd","101","Laser IDC","4145","socks4","3112","1","2024-01-29T03:46:00.134Z","81","4737","5838"
"181.6.12.17","elite","AS7303","AR","Telecom Argentina S.A.","384","Telecom Personal Bs","1080","socks5","3892","1","2024-01-29T03:45:59.941Z","43","2507","5853"
"103.47.93.248","elite","AS134058","IN","Broban Internet Services Pvt.ltd","260","Broban  PVT Ltd.","1080","socks4","1195","1","2024-01-29T03:45:59.413Z","99","5793","5856"
"187.73.55.66","elite","AS262668","BR","Mar Provedor de Internet Ltda","190","Mar Provedor de Internet Ltda","5678","socks4","4995","1","2024-01-29T03:45:59.942Z","83","4850","5812"
"43.128.36.71","elite","AS132203","HK","Aceville Pte.ltd","243","N/A","3389","socks5","4509","1","2024-01-29T03:45:59.414Z","22","1259","5840"
"184.174.75.86","elite","AS21769","GB","Colocation America Corporation","144","North Coast Hosting","51724","socks5","2392","1","2024-01-29T03:45:59.409Z","99","5841","5884"
"177.107.32.149","elite","AS28329","BR","G8 NETWORKS LTDA","288","Macedo & Macedo Internet Ltda Me","4153","socks4","1207","1","2024-01-29T03:45:59.417Z","77","4542","5918"
"179.107.83.235","elite","AS52545","BR","BJ NET Provedor de Internet Ltda. - ME","211","BJ NET Provedor de Internet Ltda. - ME","5678","socks4","3283","1","2024-01-29T03:45:59.413Z","99","5843","5905"
"185.162.228.128","elite","AS209242","GB","Cloudflare London, LLC","11","Softconstruct Limited","80","socks4","3698","1","2024-01-29T03:45:59.416Z","100","5872","5874"
"103.9.134.148","elite","AS9832","BD","Information Services Network Ltd","194","ISN Gazipur","5678","socks4","122","1","2024-01-29T03:45:59.411Z","97","5728","5931"
"170.150.159.18","elite","AS27901","CL","Pacifico Cable SPA.","292","Pacifico Cable SPA","3389","socks5","5188","1","2024-01-29T03:45:59.943Z","99","5874","5904"
"115.127.75.27","elite","AS24342","BD","BRACNet Limited","181","bracNet","7777","socks4","2006","1","2024-01-29T03:45:56.532Z","97","5675","5828"
"36.90.50.9","elite","AS7713","ID","PT. Telekomunikasi Indonesia","194","Telekomunikasi Indonesia","5678","socks4","1592","2","2024-01-29T03:45:56.535Z","80","4658","5794"
"169.255.136.8","elite","AS36892","SS","IPTEC South Sudan","175","N/A","60279","socks4","2302","1","2024-01-29T03:45:56.531Z","99","5809","5875"
"197.234.13.45","elite","AS36902","SC","Intelvision","169","Intelvision Ltd","4145","socks4","619","1","2024-01-29T03:45:53.044Z","99","5828","5863"
"103.47.93.243","elite","AS134058","IN","Broban Internet Services Pvt.ltd","292","Broban  PVT Ltd.","1080","socks4","3898","1","2024-01-29T03:45:53.041Z","99","5884","5930"
"114.88.100.108","elite","AS4812","CN","China Telecom (Group)","207","Chinanet SH","57114","socks4","5013","1","2024-01-29T03:45:53.039Z","63","3637","5762"
"103.209.230.113","elite","AS60781","TM","WIMS1","10","N/A","4153","socks4","3899","1","2024-01-29T03:45:53.143Z","77","4449","5804"
"43.154.173.221","elite","AS132203","HK","Shenzhen Tencent Computer Systems Company Limited","243","Tencent Cloud Computing","1080","socks4","701","1","2024-01-29T03:45:53.128Z","98","5828","5964"
"58.18.43.34","elite","AS4837","CN","CNC Group CHINA169 Neimeng Province Network","296","N/A","10800","socks4","4701","1","2024-01-29T03:45:53.038Z","90","5273","5864"
"5.9.14.21","elite","AS24940","DE","Hetzner Online GmbH","23","Hetzner","30000","socks5","341","1","2024-01-29T03:45:53.142Z","100","5863","5864"
"194.6.233.122","elite","AS33927","UA","Ukrmirkom LTD","81","Specavtomatica Ltd","3629","socks4","1988","1","2024-01-29T03:45:49.431Z","99","5847","5909"
"47.242.155.132","elite","AS45102","HK","Alibaba.com LLC","306","Hong Kong","10900","socks4","4394","1","2024-01-29T03:45:49.435Z","100","5803","5821"
"43.129.210.41","elite","AS132203","HK","Aceville Pte.ltd","241","N/A","10809","socks5","416","1","2024-01-29T03:45:49.432Z","99","5837","5888"
"104.248.235.220","elite","AS14061","US","DigitalOcean, LLC","81","DigitalOcean, LLC","80","socks4","5102","1","2024-01-29T03:45:49.434Z","100","5902","5920"
"170.80.33.103","elite","AS266366","BR","Giga NET Telecomunicacoes Eireli - ME","330","Giga NET Telecomunicacoes Eireli - ME","5678","socks4","2209","1","2024-01-29T03:45:49.430Z","91","5399","5918"
"117.241.133.31","elite","AS9829","IN","BSNL Internet","203","N/A","5678","socks4","2097","1","2024-01-29T03:45:49.439Z","95","5585","5878"
"119.82.226.232","elite","AS24213","ID","Arsen Kusuma Indonesia","198","N/A","7497","socks5","5100","1","2024-01-29T03:45:45.029Z","99","5828","5903"
"43.135.161.203","elite","AS132203","US","Shenzhen Tencent Computer Systems Company Limited","150","Tencent Cloud Computing","443","socks4","1494","1","2024-01-29T03:45:45.031Z","83","4850","5841"
"35.190.107.16","elite","AS15169","US","Google LLC","2","Google LLC","30000","socks4","4796","1","2024-01-29T03:45:41.434Z","100","5810","5810"
"221.217.84.154","elite","AS4808","CN","China Unicom Beijing Province Network","171","N/A","23456","socks5","1809","1","2024-01-29T03:45:41.421Z","61","3585","5866"
"203.24.109.26","elite","AS209242","BZ","Cloudflare London, LLC","15","Umpire Associates LTD","80","socks4","4388","1","2024-01-29T03:45:41.430Z","100","5803","5803"
"51.158.111.242","elite","AS12876","FR","SCALEWAY","81","ONLINE","8811","socks4","148","1","2024-01-29T03:45:41.533Z","66","3925","5910"
"177.125.161.38","elite","AS262346","BR","FP Telecomunicacoes Ltda","233","FP Telecomunicacoes Ltda","4145","socks4","2610","1","2024-01-29T03:45:41.427Z","74","4274","5738"
"190.109.72.33","elite","AS264231","BR","RG.COM - INFORMATICA & COMUNICACAO LTDA - ME","224","RG.COM - INFORMATICA & COMUNICACAO LTDA - ME","33633","socks4","147","1","2024-01-29T03:45:41.424Z","99","5829","5882"
"114.233.50.121","elite","AS4134","CN","Chinanet","200","Chinanet JS","1080","socks4","3604","1","2024-01-29T03:45:41.426Z","60","3549","5869"
"38.127.172.28","elite","AS174","US","Cogent Communications","78","Torlandia Trading SRL","11537","socks4","4800","1","2024-01-29T03:45:41.433Z","100","5881","5889"
"200.29.176.172","elite","AS6429","CL","Telmex Chile Internet S.A.","228","Telmex Servicios Empresariales S.A","4145","socks4","247","1","2024-01-29T03:45:41.427Z","100","5920","5949"
"185.169.181.11","elite","AS34984","TR","Ates Dc","59","Ibrahim MALA trading as Ates Dc","4145","socks4","2587","1","2024-01-29T03:45:41.531Z","100","5889","5913"
"46.148.45.119","elite","AS43395","IR","Pooya Parto Qeshm Cooperative Company","187","PartPayam Shahin Shahr ISP","5678","socks4","4901","1","2024-01-29T03:45:41.345Z","91","5277","5829"
"188.169.84.30","elite","AS35805","GE","JSC \"Silknet\"","81","UTG MPLS DSL","5678","socks4","4404","1","2024-01-29T03:45:37.938Z","99","5763","5807"
"134.119.190.185","elite","AS29066","FR","velia.net Internetdienste GmbH","8","Bogdan Gribov","777","socks4","3807","1","2024-01-29T03:45:34.339Z","100","5859","5862"
"123.200.9.30","elite","AS23688","BD","Link3 Technologies Limited","187","Corporate Subscriber","5678","socks4","4404","1","2024-01-29T03:45:34.344Z","97","5746","5939"
"85.117.63.99","elite","AS20771","GE","Caucasus Online Ltd.","82","Caucasus","4153","socks4","1401","1","2024-01-29T03:45:34.439Z","100","5881","5905"
"185.169.181.20","elite","AS34984","TR","Ates Dc","59","Ibrahim MALA trading as Ates Dc","4145","socks4","3486","1","2024-01-29T03:45:34.343Z","100","5832","5857"
"149.20.253.40","elite","AS18615","US","Mainstream Fiber Networks, LLC","100","Mainstream Fiber Networks, LLC","12551","socks4","4494","1","2024-01-29T03:45:34.341Z","100","5804","5816"
"117.163.196.152","elite","AS9808","CN","China Mobile communications corporation","283","China Mobile","8123","socks4","3184","1","2024-01-29T03:45:34.336Z","80","4592","5763"
"91.192.24.97","elite","AS200100","IT","T&T Tecnologie e Telecomunicazioni Srl","60","MT Mechanical Trading S.R.L","4153","socks4","2411","1","2024-01-29T03:45:30.833Z","84","4869","5764"
"43.153.11.58","elite","AS132203","US","Shenzhen Tencent Computer Systems Company Limited","202","Tencent Cloud Computing","443","socks4","3801","1","2024-01-29T03:45:30.838Z","9","538","5872"
"189.201.189.2","elite","AS28438","MX","ATC HOLDING FIBRA MEXICO, S. DE R.L. DE C.V.","142","ATC HOLDING FIBRA MEXICO, S. DE R.L. DE C.V","4145","socks4","793","1","2024-01-29T03:45:30.837Z","99","5818","5882"
"39.108.102.73","elite","AS37963","CN","Hangzhou Alibaba Advertising Co","286","Aliyun Computing Co., LTD","5100","socks5","1592","1","2024-01-29T03:45:30.831Z","86","5059","5870"
"36.66.16.23","elite","AS7713","ID","PT. Telekomunikasi Indonesia","200","N/A","5678","socks4","4414","1","2024-01-29T03:45:30.832Z","21","1262","5899"
"91.187.120.12","elite","AS21246","AL","IPKO Telecommunications LLC","54","N/A","5678","socks4","3096","1","2024-01-29T03:45:30.934Z","100","5846","5861"
"145.239.81.129","elite","AS16276","PL","OVH SAS","28","OVH Sp. z o. o","8008","socks4","1484","1","2024-01-29T03:45:27.337Z","100","5871","5871"
"116.118.98.21","elite","AS7602","VN","SPT","300","N/A","5678","socks4","601","1","2024-01-29T03:45:27.229Z","96","5708","5923"
"181.117.128.38","elite","AS11664","AR","Techtel LMDS Comunicaciones Interactivas S.A.","284","AMX Argentina S.A","5678","socks4","2503","1","2024-01-29T03:45:27.234Z","100","5904","5915"
"103.228.246.30","elite","AS59282","ID","PT Giga Patra Multimedia","172","GPM","5678","socks4","4602","1","2024-01-29T03:45:27.238Z","98","5749","5888"
"185.19.213.56","elite","AS51362","ES","Operadora Gredos 3","50","Operadora Gredos SL","5678","socks4","4592","1","2024-01-29T03:45:27.239Z","68","3953","5827"
"149.28.122.98","elite","AS20473","US","The Constant Company","96","Vultr Holdings, LLC","46560","socks5","4701","1","2024-01-29T03:45:23.636Z","91","5246","5735"
"143.92.56.162","elite","AS64050","HK","CTG Server Ltd","244","CTG Server Ltd.","39500","socks4","1414","1","2024-01-29T03:45:23.641Z","55","3174","5768"
"159.192.142.24","elite","AS131090","TH","CAT-BB","294","N/A","5678","socks4","3703","1","2024-01-29T03:45:23.637Z","99","5857","5910"
"203.32.121.157","elite","AS209242","VG","Cloudflare London, LLC","11","Anaga Consulting Limited","80","socks4","2107","1","2024-01-29T03:45:23.640Z","100","5889","5890"
"202.159.35.33","elite","AS9340","ID","PT IndoInternet","162","N/A","443","socks4","1603","1","2024-01-29T03:45:23.638Z","99","5921","5955"
"197.211.244.135","elite","AS30969","ZW","Maintainer Liquid Telecommunications Operations Limited","206","N/A","5678","socks4","152","1","2024-01-29T03:45:23.634Z","95","5575","5867"
"171.35.172.147","elite","AS4837","CN","China Unicom Jiangxi Province Network","183","N/A","9999","socks4","2703","1","2024-01-29T03:45:22.104Z","40","2295","5797"
"49.156.34.190","elite","AS24492","KH","WiCAM Corporation Ltd.","288","WiCAM Corporation Ltd.","24492","socks5","3807","1","2024-01-29T03:45:22.104Z","94","5511","5864"
"75.119.200.27","elite","AS26347","US","New Dream Network, LLC","151","New Dream Network, LLC","23456","socks4","987","1","2024-01-29T03:45:22.105Z","71","4211","5892"
"80.80.152.123","elite","AS12829","BG","Angel Soft OOD","59","N/A","5678","socks4","2990","1","2024-01-29T03:45:22.020Z","99","5930","5982"
"190.188.78.8","elite","AS7303","AR","Telecom Argentina S.A.","299","Telecom Argentina S.A","1080","socks4","1813","1","2024-01-29T03:45:22.019Z","90","5298","5878"
"139.59.99.83","elite","AS14061","SG","DIGITALOCEAN","159","DigitalOcean, LLC","80","socks5","4310","1","2024-01-29T03:45:22.019Z","100","5793","5800"
"27.147.193.190","elite","AS23688","BD","Link3 Technologies Limited","203","Corporate Subscriber","1080","socks4","4797","1","2024-01-29T03:45:20.041Z","98","5797","5890"
"103.47.92.33","elite","AS134058","IN","Broban Internet Services Pvt.ltd","287","Broban  PVT Ltd.","1080","socks4","232","3","2024-01-29T03:45:20.128Z","99","5703","5762"
"175.229.79.45","elite","AS4766","KR","Korea Telecom","254","Kornet","999","socks4","907","1","2024-01-29T03:45:20.037Z","72","4228","5853"
"151.237.173.212","elite","AS29072","RU","Regional Digital Telecommunication Company","84","Regional Digital Telecommunication Company","62311","socks5","608","1","2024-01-29T03:45:20.141Z","99","5807","5880"
"110.78.152.196","elite","AS131090","TH","CAT-BB","294","N/A","5678","socks4","5585","1","2024-01-29T03:45:20.042Z","71","4165","5894"
"185.119.90.32","elite","AS207604","RS","United Internet Ltd.","30","United Internet Ltd.","7497","socks4","4093","1","2024-01-29T03:45:20.043Z","81","4763","5859"
"138.36.150.16","elite","AS263729","AR","Pedraza Luis Eduardo","295","Pedraza Luis Eduardo","1080","socks4","3197","1","2024-01-29T03:45:20.039Z","99","5798","5867"
"201.158.10.64","elite","AS61936","BR","VIATEC TELECOMUNICAÇÕES EIRELI","214","VIATEC TELECOMUNICAÇÕES LTDA","5678","socks4","4887","1","2024-01-29T03:45:16.441Z","92","5382","5827"
"38.242.46.234","elite","AS174","US","Cogent Communications","76","Code 200, UAB","3128","socks5","631","1","2024-01-29T03:45:16.439Z","95","5518","5831"
"104.17.197.90","elite","AS13335","CA","Cloudflare, Inc.","3","Cloudflare, Inc.","2057","socks5","4292","81","2024-01-29T03:45:16.440Z","100","5743","5743"
"168.227.158.29","elite","AS52898","BR","Multipla Serviços Inteligentes","230","Multipla Serviços Inteligentes","4145","socks4","2421","1","2024-01-29T03:45:16.443Z","97","5665","5824"
"119.18.145.147","elite","AS45326","BD","BBTS Network","197","N/A","45326","socks5","4804","1","2024-01-29T03:45:13.131Z","99","5828","5861"
"77.48.23.181","elite","AS16019","CZ","Vodafone Czech Republic","38","PLnet s.r.o.","38817","socks4","5200","1","2024-01-29T03:45:13.129Z","100","5755","5783"
"8.219.11.125","elite","AS45102","SG","Alibaba (US) Technology Co., Ltd.","239","Alibaba.com Singapore E-Commerce Private Limited","443","socks5","1497","1","2024-01-29T03:45:12.944Z","70","4127","5877"
"71.167.151.15","elite","AS701","US","Verizon Business","89","Verizon Business","8080","socks5","4214","1","2024-01-29T03:45:12.942Z","100","5682","5688"
"185.162.231.254","elite","AS209242","GB","Cloudflare London, LLC","11","Softconstruct Limited","80","socks5","5001","1","2024-01-29T03:45:12.937Z","100","5732","5732"
"177.126.95.225","elite","AS262352","BR","Nova Telecom Ltda","298","Nova Telecom Ltda","4145","socks4","5194","1","2024-01-29T03:45:12.945Z","71","4223","5920"
"34.120.118.219","elite","AS396982","US","Google LLC","2","Google Cloud","2061","socks5","4602","1","2024-01-29T03:45:09.431Z","100","5789","5789"
"177.91.76.34","elite","AS263432","BR","Corporativa Telecomunicacoes Eireli ME","205","Corporativa Telecomunicacoes Eireli ME","4153","socks4","1889","1","2024-01-29T03:45:09.429Z","92","5452","5899"
"112.250.106.50","elite","AS4837","CN","China Unicom CHINA169 Shandong Province Network","291","N/A","7302","socks5","3797","1","2024-01-29T03:45:09.430Z","90","5311","5921"
"80.87.200.140","elite","AS29182","RU","JSC IOT","48","JSC \"Server\"","9050","socks4","4301","1","2024-01-29T03:45:09.436Z","100","5897","5899"
"167.172.181.111","elite","AS14061","DE","DigitalOcean, LLC","83","DigitalOcean, LLC","80","socks5","1391","1","2024-01-29T03:45:09.434Z","100","5879","5880"
"196.216.67.2","elite","AS30844","KE","Liquid Telecommunications Ltd","181","LTK KE SME","5678","socks5","3308","1","2024-01-29T03:45:09.435Z","88","5173","5881"
"103.236.161.51","elite","AS45720","ID","Lembaga Pengelola Dana Bergulir","185","Lembaga Pengelola Dana Bergulir","5430","socks4","648","1","2024-01-29T03:45:09.437Z","99","5845","5888"
"177.55.57.69","elite","AS262493","BR","Webby Tecnologia Ltda","203","Webby Tecnologia Ltda","3128","socks5","4597","1","2024-01-29T03:45:05.739Z","99","5757","5836"
"179.191.12.97","elite","AS265440","BR","Telnet Sistemas e Comunicações","206","Telnet Sistemas e Comunicações","4153","socks4","3599","1","2024-01-29T03:45:05.741Z","97","5767","5958"
"109.94.182.128","elite","AS44895","RU","MTS PJSC","56","Antenna-Garant","4145","socks4","2000","81","2024-01-29T03:45:05.744Z","94","5578","5918"
"51.83.135.35","elite","AS16276","PL","OVH SAS","30","OVH Sp. z o. o","2846","socks4","4705","1","2024-01-29T03:45:05.738Z","92","5368","5824"
"8.218.134.238","elite","AS45102","HK","Alibaba (US) Technology Co., Ltd.","387","Alibaba.com Singapore E-Commerce Private Limited","10802","socks5","1904","1","2024-01-29T03:45:04.303Z","80","4732","5881"
"197.245.36.213","elite","AS11845","ZA","Vox Telecom","187","Vox Telecom (Pty) Ltd","5678","socks4","898","1","2024-01-29T03:45:04.221Z","76","4494","5893"
"103.76.188.97","elite","AS135758","IN","Alacriy Net System Service Private Limited","148","Alacriy Net System Service Private Limited","4153","socks4","5106","1","2024-01-29T03:45:04.316Z","100","5871","5900"
"176.227.155.65","elite","AS34471","ES","Free Technologies","61","N/A","9999","socks4","4002","1","2024-01-29T03:45:04.305Z","100","5924","5944"
"45.77.222.98","elite","AS20473","US","The Constant Company","87","Vultr Holdings, LLC","10312","socks5","4104","1","2024-01-29T03:45:02.035Z","63","3672","5837"
"142.93.113.81","elite","AS14061","US","DigitalOcean, LLC","97","DigitalOcean, LLC","7497","socks5","4603","1","2024-01-29T03:45:02.227Z","96","5605","5839"
"80.73.87.202","elite","AS21487","RU","Sakhatelecom","144","N/A","4153","socks4","4989","1","2024-01-29T03:45:02.032Z","97","5722","5914"
"173.255.202.28","elite","AS63949","US","Akamai Technologies, Inc.","111","Linode","39319","socks5","1098","1","2024-01-29T03:45:02.141Z","100","5728","5755"
"117.54.201.91","elite","AS9340","ID","PT IndoInternet","187","N/A","9340","socks5","4896","1","2024-01-29T03:45:02.030Z","83","4859","5888"
"180.183.121.6","elite","AS45629","TH","Triple T Broadband Public Company Limited","154","Triple T Broadband Public Company Limited","5678","socks4","4897","2","2024-01-29T03:45:02.036Z","93","5399","5806"
"1.0.0.4","elite","AS13335","AU","Cloudflare, Inc","2","APNIC and Cloudflare DNS Resolver project","80","socks5","2797","1","2024-01-29T03:45:02.037Z","100","5827","5827"
"164.52.24.141","elite","AS63199","JP","Capitalonline Data Service (HK) Co","237","N/A","8030","socks5","3900","1","2024-01-29T03:44:58.433Z","84","4980","5956"
"180.241.158.221","elite","AS7713","ID","PT. TELKOM INDONESIA","187","N/A","8085","socks4","114","1","2024-01-29T03:44:58.428Z","81","4758","5855"
"179.99.202.210","elite","AS27699","BR","Vivo","206","TELEF�NICA BRASIL S.A","4153","socks4","2793","1","2024-01-29T03:44:58.432Z","100","5889","5912"
"202.148.22.106","elite","AS9794","ID","PT. Core Mediatech","198","Dnet","5678","socks4","2008","1","2024-01-29T03:44:58.434Z","99","5801","5871"
"77.235.28.229","elite","AS41750","KG","Mega-Line Ltd.","93","Megaline","4153","socks4","3599","1","2024-01-29T03:44:58.435Z","97","5721","5873"
"85.237.51.73","elite","AS12389","RU","PJSC Rostelecom","56","PJSC Rostelecom","4145","socks4","8301","1","2024-01-29T03:44:58.430Z","99","5845","5914"
"14.207.201.149","elite","AS45629","TH","Triple T Broadband Public Company Limited","157","Triple T Broadband Public Company Limited","8080","socks4","1596","1","2024-01-29T03:44:58.431Z","99","5849","5888"
"212.5.143.42","elite","AS8866","BG","Vivacom Bulgaria EAD","48","BTC Broadband","3366","socks4","1501","1","2024-01-29T03:44:58.436Z","100","5780","5790"
"131.221.64.152","elite","AS265798","AR","Level Seven SRL","293","Level Seven SRL","2350","socks4","3296","1","2024-01-29T03:44:54.839Z","88","5014","5677"
"80.122.170.182","elite","AS8447","AT","A1 Telekom Austria AG","39","A1 Telekom Austria AG","4153","socks4","1088","1","2024-01-29T03:44:54.844Z","98","5826","5932"
"116.202.177.193","elite","AS24940","DE","Hetzner Online GmbH","17","Hetzner Online GmbH","1080","socks5","1895","1","2024-01-29T03:44:54.843Z","43","2532","5949"
"5.202.120.214","elite","AS49100","IR","Pishgaman Toseeh Ertebatat Company (Private Joint Stock)","290","PTE","5678","socks5","4894","1","2024-01-29T03:44:54.838Z","50","2887","5806"
"202.4.107.70","elite","AS23956","BD","dhakaCom Limited","188","DhakaCom Limited","5678","socks4","4390","1","2024-01-29T03:44:54.842Z","98","5656","5780"
"104.20.123.164","elite","AS13335","CA","Cloudflare, Inc.","81","Cloudflare, Inc.","80","socks5","504","1","2024-01-29T03:44:54.841Z","100","5809","5811"
"180.211.158.90","elite","AS45588","BD","Bangladesh Telecommunications Company Ltd.","182","N/A","5678","socks4","2895","1","2024-01-29T03:44:51.429Z","92","5389","5836"
"103.85.103.17","elite","AS135788","IN","Vedant Broadband","130","N/A","5678","socks4","417","1","2024-01-29T03:44:51.433Z","99","5857","5901"
"173.249.15.6","elite","AS51167","DE","Contabo GmbH","82","Contabo GmbH","63982","socks5","800","1","2024-01-29T03:44:51.530Z","100","5839","5865"
"31.172.66.22","elite","AS49063","RU","FORNEX","50","Fornex Hosting S.L.","20466","socks4","2502","1","2024-01-29T03:44:48.132Z","100","5873","5877"
"103.117.109.5","elite","AS137935","BD","I Link Internet Service (I.T)","198","I Link Internet Service (I.T)","4153","socks4","1116","1","2024-01-29T03:44:48.031Z","49","2855","5860"
"103.40.122.194","elite","AS63508","ID","PT DINAMIKA MEDIAKOM","201","N/A","1080","socks4","5110","1","2024-01-29T03:44:48.030Z","97","5697","5859"
"128.65.176.170","elite","AS43754","IR","Asiatech Data Transmission company","188","Asiatech Data Transmission Co.","80","socks5","4197","1","2024-01-29T03:44:48.032Z","95","5537","5843"
"190.96.97.170","elite","AS262223","EC","Necusoft Cia. Ltda.","169","N/A","5678","socks4","2712","1","2024-01-29T03:44:48.029Z","35","2068","5874"
"115.78.6.117","elite","AS7552","VN","VIETELftth","283","N/A","5678","socks4","4306","1","2024-01-29T03:44:47.946Z","96","5649","5894"
"101.43.3.207","elite","AS45090","CN","Shenzhen Tencent Computer Systems Company Limited","211","Tencent Cloud Computing (Beijing) Co., Ltd","2080","socks4","4099","1","2024-01-29T03:44:46.412Z","74","4311","5814"
"186.251.255.73","elite","AS267513","BR","Seanet Telecom Carazinho Eireli","201","Seanet Telecom Carazinho Eireli","31337","socks4","3904","1","2024-01-29T03:44:46.415Z","99","5882","5912"
"202.159.35.97","elite","AS9340","ID","PT IndoInternet","165","N/A","443","socks4","4203","1","2024-01-29T03:44:46.417Z","99","5810","5845"
"58.214.69.198","elite","AS4134","CN","Chinanet","299","Chinanet JS","28643","socks4","6805","2","2024-01-29T03:44:46.417Z","41","2385","5879"
"41.60.233.97","elite","AS30844","KE","Maintainer Liquid Telecommunications Operations Limited","200","Liquid Telecommunications Operations Limited","5678","socks4","2103","1","2024-01-29T03:44:46.416Z","86","5106","5932"
"162.241.114.39","elite","AS19871","US","Network Solutions, LLC","93","Unified Layer","10249","socks4","5012","1","2024-01-29T03:44:46.511Z","96","5550","5796"
"27.72.145.184","elite","AS7552","VN","Newass2011xDSLHN","287","N/A","5678","socks4","3996","1","2024-01-29T03:44:46.416Z","99","5872","5915"
"114.254.92.176","elite","AS4808","CN","China Unicom Beijing Province Network","287","N/A","1080","socks5","4709","1","2024-01-29T03:44:44.528Z","40","2306","5823"
"188.169.142.196","elite","AS35805","GE","JSC \"Silknet\"","80","UTG MPLS DSL","4145","socks4","4986","1","2024-01-29T03:44:44.544Z","98","5633","5730"
"212.154.251.210","elite","AS50482","KZ","JSC Kazakhtelecom","109","Limited liability company","5678","socks4","5091","1","2024-01-29T03:44:44.545Z","99","5832","5892"
"195.140.226.32","elite","AS56465","UA","Therecom Ltd","81","Therecom Ltd","5678","socks4","4594","1","2024-01-29T03:44:44.529Z","98","5743","5862"
"107.161.50.42","elite","AS395092","US","Shock Hosting LLC","89","Shock Hosting LLC","6401","socks4","3809","1","2024-01-29T03:44:41.128Z","100","5887","5904"
"94.191.67.125","elite","AS45090","CN","Shenzhen Tencent Computer Systems Company Limited","196","Tencent Cloud Computing (Beijing) Co., Ltd","1080","socks4","4694","1","2024-01-29T03:44:41.028Z","87","5145","5920"
"202.150.1.87","elite","AS38623","KH","VIETTEL (CAMBODIA) PTE., LTD","181","VIETTEL (CAMBODIA) PTE., LTD","80","socks4","5094","1","2024-01-29T03:44:40.935Z","99","5734","5786"
"103.86.1.9","elite","AS136371","IN","Airwir Technologies Private Limited","197","Airwir Technologies Private Limited","4145","socks4","2798","1","2024-01-29T03:44:40.932Z","100","5902","5922"
"103.124.137.158","elite","AS138089","ID","Global Media Data Prima","178","N/A","1080","socks4","3003","81","2024-01-29T03:44:40.930Z","54","3191","5889"
"143.202.227.51","elite","AS262346","BR","FP Telecomunicacoes Ltda","296","FP Telecomunicacoes Ltda","4145","socks4","1502","1","2024-01-29T03:44:40.936Z","81","4729","5803"
"185.169.181.18","elite","AS34984","TR","Ates Dc","55","Ibrahim MALA trading as Ates Dc","34984","socks4","494","1","2024-01-29T03:44:37.543Z","100","5847","5866"
"139.162.182.54","elite","AS63949","DE","Akamai Technologies, Inc.","83","Linode, LLC","11127","socks5","2599","1","2024-01-29T03:44:37.636Z","98","5706","5811"
"124.121.176.254","elite","AS17552","TH","TRUE","182","N/A","4145","socks4","4713","1","2024-01-29T03:44:37.542Z","38","2177","5790"
"87.249.212.26","elite","AS41925","RU","IZet-Telecom Ural","68","N/A","4145","socks4","284","2","2024-01-29T03:44:37.635Z","100","5986","6003"
"181.193.213.130","elite","AS11830","CR","Instituto Costarricense de Electricidad y Telecom","179","Ciudad Quesada","999","socks5","4500","1","2024-01-29T03:44:37.540Z","36","2086","5813"
"185.158.248.95","elite","AS9009","RO","M247 Europe SRL","41","ALLSYS Limited","5836","socks4","4585","1","2024-01-29T03:44:37.634Z","95","5558","5852"
"103.38.205.3","elite","AS45916","IN","gtpl hariom world vision","120","Gtpl Broadband Pvt. Ltd.","45916","socks4","4696","1","2024-01-29T03:44:33.337Z","100","5831","5855"
"128.199.218.40","elite","AS14061","SG","DigitalOcean, LLC","149","DigitalOcean, LLC","29492","socks4","4704","1","2024-01-29T03:44:33.335Z","68","3976","5884"
"51.77.116.174","elite","AS16276","GB","OVH SAS","9","OVH Ltd","28046","socks5","5295","1","2024-01-29T03:44:33.627Z","100","5872","5874"
"182.160.127.53","elite","AS24323","BD","Aamra Networks Limited","162","Aamra Networks Limited","48744","socks4","4200","1","2024-01-29T03:44:33.337Z","95","5647","5933"
"103.47.93.197","elite","AS134058","IN","Broban Internet Services Pvt.ltd","292","Broban  PVT Ltd.","1080","socks4","357","1","2024-01-29T03:44:33.245Z","99","5758","5813"
"197.234.13.27","elite","AS36902","SC","Intelvision","168","Intelvision Ltd","4145","socks4","4099","1","2024-01-29T03:44:33.334Z","99","5802","5835"
"1.15.172.214","elite","AS45090","CN","Tencent Cloud Computing (Beijing) Co. Ltd.","211","Tencent Cloud Computing (Beijing) Co. Ltd.","7890","socks4","602","1","2024-01-29T03:44:30.033Z","60","3484","5810"
"197.234.13.30","elite","AS36902","SC","Intelvision","167","Intelvision Ltd","4145","socks4","4327","1","2024-01-29T03:44:28.419Z","99","5872","5915"
"46.167.234.141","elite","AS16019","CZ","UPC Czech","33","Tkom Plus sro","5678","socks4","4108","1","2024-01-29T03:44:28.421Z","100","5791","5806"
"45.126.169.233","elite","AS134014","IN","NET 4 U SERVICES PVT LTD","199","NET 4 U Services PVT LTD","4145","socks4","5010","1","2024-01-29T03:44:26.645Z","99","5880","5917"
"172.67.0.21","elite","AS13335","CA","Cloudflare, Inc.","2","Cloudflare, Inc.","13335","socks4","991","1","2024-01-29T03:44:26.642Z","100","5881","5881"
"43.128.232.224","elite","AS132203","JP","Shenzhen Tencent Computer Systems Company Limited","291","Tencent Cloud Computing","31993","socks5","4504","1","2024-01-29T03:44:26.636Z","38","2206","5785"
"114.231.8.16","elite","AS4134","CN","Chinanet","218","Chinanet JS","1080","socks5","5004","1","2024-01-29T03:44:26.633Z","59","3430","5861"
"207.180.213.101","elite","AS51167","DE","Contabo GmbH","19","Contabo GmbH","7497","socks5","5195","1","2024-01-29T03:44:26.644Z","69","4003","5830"
"138.117.179.54","elite","AS28186","BR","ITS TELECOMUNICACOES LTDA","191","ITS TELECOMUNICACOES LTDA","5678","socks4","4798","1","2024-01-29T03:44:26.637Z","99","5816","5849"
"114.99.224.228","elite","AS4134","CN","Chinanet","291","Chinanet AH","2829","socks5","2798","1","2024-01-29T03:44:26.641Z","30","1761","5880"
"31.146.161.194","elite","AS35805","GE","JSC \"Silknet\"","75","Silknet Gpon","5678","socks4","4097","1","2024-01-29T03:44:26.639Z","97","5685","5885"
"116.103.151.218","elite","AS24086","VN","Viettel Corporation","291","Viettel Group","1080","socks5","890","1","2024-01-29T03:44:23.340Z","52","3060","5926"
"103.109.59.109","elite","AS138640","BD","HelloTech Limited","156","Hello Tech Limited","1080","socks4","3304","1","2024-01-29T03:44:23.333Z","83","4860","5860"
"38.127.179.125","elite","AS174","US","Cogent Communications","78","Torlandia Trading SRL","46656","socks5","1525","1","2024-01-29T03:44:23.343Z","100","5780","5791"
"168.253.196.6","elite","AS37276","ZA","VOffice Solutions","198","Smartvillage","5678","socks4","5189","1","2024-01-29T03:44:23.337Z","100","5828","5845"
"104.25.42.178","elite","AS13335","CA","Cloudflare, Inc.","2","Cloudflare, Inc.","80","socks4","2907","1","2024-01-29T03:44:23.332Z","100","5800","5800"
"119.29.84.133","elite","AS45090","HK","Shenzhen Tencent Computer Systems Company Limited","209","Tencent cloud computing (Beijing) Co., Ltd.","20806","socks5","5007","1","2024-01-29T03:44:23.335Z","87","5088","5821"
"190.107.146.156","elite","AS14754","HN","Telgua","194","HFC TGU SERCOM","4145","socks4","4000","1","2024-01-29T03:44:23.336Z","99","5814","5899"
"43.153.175.132","elite","AS132203","JP","Shenzhen Tencent Computer Systems Company Limited","236","Tencent Cloud Computing","443","socks5","4288","1","2024-01-29T03:44:23.338Z","70","4118","5872"
"181.66.37.78","elite","AS6147","PE","Telefonica del Peru S.A.A.","194","Telefonica del Peru S.A.A","4153","socks4","3096","1","2024-01-29T03:44:23.339Z","69","4005","5820"
"189.50.129.43","elite","AS28330","BR","IFTNET Telecomunicacoes Ltda","213","IFTNET Telecomunicacoes Ltda","5678","socks4","4700","1","2024-01-29T03:44:19.837Z","40","2293","5801"
"203.6.226.172","elite","AS58519","CN","Cloud Computing Corporation","298","Chinanet GD","8888","socks4","4501","1","2024-01-29T03:44:19.838Z","71","4171","5913"
"79.127.35.243","elite","AS43754","IR","Asiatech Data Transmission company","110","Azad University","5678","socks5","802","1","2024-01-29T03:44:19.836Z","97","5579","5781"
"103.81.12.1","elite","AS135792","IN","Syswall Telecom Pvt. Ltd.","198","Syswall Telecom Pvt. Ltd.","44832","socks4","1799","1","2024-01-29T03:44:19.834Z","100","5888","5905"
"182.107.180.34","elite","AS4134","CN","Chinanet","288","Chinanet JX","31239","socks4","145","1","2024-01-29T03:44:19.840Z","33","1955","5840"
"75.119.203.208","elite","AS26347","US","New Dream Network, LLC","152","New Dream Network, LLC","23456","socks5","4100","1","2024-01-29T03:44:16.429Z","66","3828","5825"
"211.174.105.18","elite","AS4766","KR","Korea Telecom","295","Netropy","4153","socks4","3607","1","2024-01-29T03:44:16.343Z","100","5807","5822"
"36.95.84.225","elite","AS7713","ID","PT. Telekomunikasi Indonesia","177","Telekomunikasi Indonesia","5678","socks4","3087","1","2024-01-29T03:44:16.341Z","23","1370","5904"
"103.137.108.86","elite","AS138023","BD","Creation Online","202","Creation Online","5678","socks5","1498","1","2024-01-29T03:44:16.345Z","87","5099","5848"
"31.206.38.49","elite","AS15924","TR","Vodafone Net Iletisim Hizmetler","71","Vodafone Net Iletisim Hizmetler","37630","socks4","3910","84","2024-01-29T03:44:16.428Z","100","5885","5902"
"45.196.150.222","elite","AS7018","US","AT&T Services, Inc.","181","AQUA Networks Limited","5432","socks4","902","1","2024-01-29T03:44:16.344Z","98","5731","5835"
"41.215.33.186","elite","AS15808","KE","ACCESSKENYA","194","N/A","15808","socks4","4802","1","2024-01-29T03:44:13.133Z","41","2403","5870"
"31.210.225.135","elite","AS42666","ES","Embou Clientes","74","N/A","4153","socks4","4607","81","2024-01-29T03:44:13.135Z","82","4760","5819"
"103.12.246.53","elite","AS134941","IN","Instant Cable Network PVT LTD","253","Instant Cable Network PVT LTD","4145","socks4","702","1","2024-01-29T03:44:13.138Z","99","5835","5872"
"81.150.169.217","elite","AS2856","GB","BT Public Internet Service","16","N/A","5678","socks4","2800","1","2024-01-29T03:44:13.139Z","100","5906","5922"
"1.1.1.98","elite","AS13335","AU","Cloudflare, Inc","2","APNIC and Cloudflare DNS Resolver project","80","socks4","2885","1","2024-01-29T03:44:13.140Z","100","5894","5894"
"104.255.170.68","elite","AS397373","US","H4Y Technologies LLC","157","N/A","50109","socks5","5003","1","2024-01-29T03:44:10.114Z","100","5853","5859"
"46.98.247.92","elite","AS15377","UA","ISP \"Fregat\"","82","ISP \"Fregat\" Ltd","1080","socks4","3701","1","2024-01-29T03:44:10.111Z","99","5803","5868"
"177.38.5.51","elite","AS52964","BR","FÁBIO MENDES DIAS LTDA ME","214","FÁBIO MENDES DIAS LTDA ME","4153","socks4","4413","1","2024-01-29T03:44:10.113Z","92","5424","5920"
"200.152.100.194","elite","AS21571","BR","MLS Wireless S/A","220","MLS Projetos de Informatica","1080","socks5","3907","1","2024-01-29T03:44:10.115Z","96","5665","5872"
"220.130.230.244","elite","AS3462","TW","Chunghwa Telecom Co., Ltd.","292","Chunghwa Telecom Co. Ltd.","1080","socks4","2107","1","2024-01-29T03:44:09.632Z","94","5487","5808"
"62.179.9.19","elite","AS6830","PL","UPC Poland","35","N/A","6830","socks5","3289","1","2024-01-29T03:44:06.333Z","100","5776","5784"
"37.221.67.62","elite","AS200019","MD","Alexhost SRL","45","Alexhost SRL","5555","socks4","4795","1","2024-01-29T03:44:06.332Z","94","5492","5848"
"197.251.236.227","elite","AS29614","GH","Vodafone Ghana AS International Transit","132","ADSL FBB static IP","5678","socks4","1795","1","2024-01-29T03:44:06.145Z","100","5808","5837"
"117.26.40.156","elite","AS4134","CN","Chinanet","196","Chinanet FJ","2829","socks4","3897","1","2024-01-29T03:44:02.729Z","65","3830","5903"
"104.139.74.25","elite","AS11426","US","Charter Communications Inc","105","Spectrum","34368","socks4","4991","1","2024-01-29T03:44:02.734Z","99","5888","5921"
"187.44.146.2","elite","AS28186","BR","ITS TELECOMUNICACOES LTDA","181","ITS TELECOMUNICACOES LTDA","32139","socks4","3806","1","2024-01-29T03:44:02.735Z","84","5026","5960"
"171.88.69.214","elite","AS4134","CN","Chinanet","234","Chinanet SC","1080","socks5","4606","1","2024-01-29T03:44:02.736Z","46","2655","5817"
"58.220.69.212","elite","AS137697","CN","CHINATELECOM JiangSu YangZhou IDC networkdescr: YangZhou, Jiangsu Province, P.","232","Chinanet JS","26589","socks5","3203","1","2024-01-29T03:44:02.641Z","89","5140","5802"
"64.26.95.14","elite","AS6189","US","Enoch-Pratt Free Library","86","Sailor","8080","socks4","4108","81","2024-01-29T03:43:59.241Z","100","5842","5859"
"124.122.11.115","elite","AS17552","TH","True Internet Co., Ltd.","176","TRUE BB","5678","socks4","595","1","2024-01-29T03:43:59.331Z","89","5258","5900"
"89.161.90.155","elite","AS39375","PL","Telekomunikacja Podlasie Sp. z o.o.","37","Telekomunikacja Podlasie sp. z o.o.","5678","socks4","4412","1","2024-01-29T03:43:59.245Z","100","5881","5910"
"103.199.158.97","elite","AS134318","IN","city broadband network pvt.ltd","142","N/A","41610","socks4","5186","1","2024-01-29T03:43:55.743Z","100","5803","5826"
"1.179.220.211","elite","AS131293","TH","TOT Public Company Limited","186","Department of Agriculture","7497","socks5","4892","1","2024-01-29T03:43:55.745Z","99","5814","5857"
"51.89.45.60","elite","AS16276","GB","OVH SAS","11","Lab Vibrant","44469","socks5","3394","1","2024-01-29T03:43:55.937Z","100","5870","5892"
"80.116.152.53","elite","AS3269","IT","Telecom Italia S.p.A. TIN EASY LITE","80","INTERBUSINESS","3744","socks4","4006","1","2024-01-29T03:43:55.829Z","89","5126","5750"
"192.154.246.96","elite","AS64200","US","Vivid-hosting LLC","145","Vivid-hosting LLC","9000","socks5","3605","1","2024-01-29T03:43:55.742Z","100","5840","5853"
"209.250.248.127","elite","AS20473","NL","The Constant Company, LLC","14","Vultr Holdings LLC Amsterdam","45534","socks5","4211","1","2024-01-29T03:43:55.827Z","31","1823","5906"
"91.222.198.125","elite","AS57474","IR","Nazhin Sepahan IT and data processing plc","100","Computer research center of Islamic seminary of Isfahan","5678","socks5","5189","1","2024-01-29T03:43:52.436Z","40","2391","5999"
"189.126.14.226","elite","AS270316","BR","NET NOVO TEMPO","216","NET NOVO TEMPO","1080","socks4","4195","1","2024-01-29T03:43:52.018Z","98","5835","5956"
"109.251.197.33","elite","AS31148","UA","O3 Core","51","N/A","48805","socks4","2408","80","2024-01-29T03:43:52.021Z","92","5316","5809"
"94.228.253.51","elite","AS15672","RU","TZ-Telecom Address","97","JSC TZ-Telecom","4145","socks4","5007","1","2024-01-29T03:43:52.436Z","100","5757","5771"
"47.57.115.226","elite","AS45102","HK","Alibaba (US) Technology Co., Ltd.","492","Alibaba.com LLC","9050","socks4","3306","1","2024-01-29T03:43:52.437Z","100","5810","5830"
"125.26.4.197","elite","AS23969","TH","TOT Public Company Limited","154","TOT Public Company Limited","4145","socks4","3014","1","2024-01-29T03:43:52.439Z","96","5655","5919"
"117.7.131.208","elite","AS7552","VN","Viettel Group","251","VIETTEL","3128","socks5","4009","1","2024-01-29T03:43:52.438Z","69","4034","5835"
"43.152.192.217","elite","AS132203","IN","Shenzhen Tencent Computer Systems Company Limited","236","Tencent Cloud Computing (Beijing) Co., Ltd","443","socks5","4399","1","2024-01-29T03:43:52.441Z","99","5765","5809"
"130.185.213.146","elite","AS48917","BG","Optinet Ltd","45","Optinet Ltd","5678","socks4","3585","1","2024-01-29T03:43:52.434Z","99","5843","5882"
"202.21.127.6","elite","AS9484","MN","Mobinet LLC","119","N/A","5678","socks4","4092","1","2024-01-29T03:43:52.020Z","98","5786","5918"
"197.234.13.52","elite","AS36902","SC","Intelvision","171","Intelvision Ltd","36902","socks4","4499","80","2024-01-29T03:43:52.440Z","99","5753","5790"
"185.92.222.127","elite","AS20473","NL","The Constant Company, LLC","10","Vultr Holdings LLC Amsterdam","9100","socks5","5209","1","2024-01-29T03:43:49.042Z","98","5796","5915"
"200.140.83.108","elite","AS8167","BR","V tal","253","V tal","6588","socks5","1415","1","2024-01-29T03:43:49.040Z","99","5759","5809"
"178.62.223.104","elite","AS14061","NL","DigitalOcean, LLC","12","Digital Ocean","80","socks4","3611","1","2024-01-29T03:43:49.038Z","100","5808","5810"
"162.255.108.5","elite","AS54755","US","Desert Winds Wireless","152","Desert Winds Wireless Inc","5678","socks4","2295","1","2024-01-29T03:43:49.036Z","100","5926","5943"
"107.173.185.72","elite","AS36352","US","ColoCrossing","88","ColoCrossing","80","socks5","5187","1","2024-01-29T03:43:49.044Z","100","5873","5887"
"66.97.37.164","elite","AS27823","AR","Dattatec.com","292","Dattatec Corp","80","socks4","3795","1","2024-01-29T03:43:49.039Z","100","5890","5904"
"103.83.105.167","elite","AS134290","IN","Arrow Touch Wireless Internet Private Limited","253","Arrow Touch Wireless Internet Private Limited","4153","socks4","3906","1","2024-01-29T03:43:45.532Z","93","5418","5847"
"114.103.79.158","elite","AS4134","CN","Chinanet","190","Chinanet AH","53309","socks4","2311","1","2024-01-29T03:43:45.440Z","23","1338","5845"
"103.122.84.27","elite","AS136315","IN","Wizone Tech Solutions Pvt Ltd","183","Wizone Tech Solutions Pvt Ltd","5678","socks4","5095","1","2024-01-29T03:43:45.530Z","67","3988","5959"
"185.123.235.92","elite","AS49924","IT","ECROM-MAIN","75","N/A","5678","socks4","4886","1","2024-01-29T03:43:45.637Z","79","4598","5853"
"116.90.229.186","elite","AS24550","NP","Websurfer Nepal Communication System Pvt. Ltd","165","Websurfer Nepal Communication System Pvt. Ltd","47694","socks4","3102","81","2024-01-29T03:43:45.441Z","97","5618","5776"
"185.105.237.11","elite","AS212248","IR","Abolfazl-Shirdel","12","Amnpardaz Soft Corporation","3128","socks5","5296","1","2024-01-29T03:43:42.032Z","100","5802","5823"
"185.238.159.9","elite","AS204809","IT","Maide srl","52","Assopctech","32456","socks4","4305","1","2024-01-29T03:43:41.838Z","41","2477","5969"
"123.59.100.247","elite","AS23724","CN","CloudVsp.Inc","199","N/A","1080","socks4","1693","81","2024-01-29T03:43:41.840Z","84","4964","5906"
"125.164.149.210","elite","AS7713","ID","PT. TELKOM INDONESIA","182","N/A","5678","socks4","5403","1","2024-01-29T03:43:41.932Z","86","5067","5924"
"103.47.93.228","elite","AS134058","IN","Broban Internet Services Pvt.ltd","284","Broban  PVT Ltd.","1080","socks4","3801","1","2024-01-29T03:43:41.842Z","99","5775","5827"
"201.20.79.18","elite","AS28598","BR","MOB SERVICOS DE TELECOMUNICACOES S.A","177","Betânia Lácteos S/A","5678","socks5","3611","1","2024-01-29T03:43:41.928Z","100","5752","5768"
"116.58.227.224","elite","AS131090","TH","CAT Telecom Public Company Limited","230","CAT BB","4145","socks4","2589","1","2024-01-29T03:43:41.841Z","80","4675","5843"
"197.234.13.62","elite","AS36902","SC","Intelvision","171","Intelvision Ltd","4145","socks4","1395","1","2024-01-29T03:43:38.439Z","99","5892","5929"
"103.4.118.130","elite","AS38203","BD","ADN Telecom Ltd.","295","ADN Telecom Limited.","5678","socks4","5200","1","2024-01-29T03:43:38.440Z","88","5203","5911"
"47.242.149.229","elite","AS45102","HK","Alibaba.com LLC","297","Hong Kong","443","socks5","4096","1","2024-01-29T03:43:38.444Z","84","4866","5784"
"113.121.66.250","elite","AS4134","CN","Chinanet","203","Chinanet SD","1080","socks5","2583","1","2024-01-29T03:43:38.444Z","50","2922","5830"
"163.53.205.161","elite","AS58898","IN","Rainbow communications India Pvt Ltd","169","Rainbow communications India Pvt Ltd","4153","socks4","3698","1","2024-01-29T03:43:35.037Z","100","5901","5925"
"173.255.199.69","elite","AS63949","US","Akamai Technologies, Inc.","112","Linode","19151","socks5","5199","1","2024-01-29T03:43:35.042Z","89","5238","5888"
"103.120.133.141","elite","AS38235","KH","Angkor Data Communication","183","Mekongnet PLN","5678","socks4","1406","1","2024-01-29T03:43:35.139Z","99","5715","5798"
"186.251.255.209","elite","AS267513","BR","Seanet Telecom Carazinho Eireli","201","Seanet Telecom Carazinho Eireli","26751","socks4","3285","1","2024-01-29T03:43:35.034Z","99","5912","5944"
"38.127.179.236","elite","AS174","US","Cogent Communications","78","Torlandia Trading SRL","2093","socks5","1093","1","2024-01-29T03:43:35.140Z","100","5828","5834"
"45.112.125.51","elite","AS58369","ID","FIBERNET","164","N/A","4145","socks4","4408","2","2024-01-29T03:43:33.906Z","99","5830","5893"